Year,Murder,Robbery,Burglary,Theft,Rape,Assault,Population,CarTheft
2020,12,25,45,60,10,35,100000,20
2021,15,30,50,65,12,40,110000,25
2022,10,22,40,55,8,30,120000,18
2023,18,35,55,70,15,45,130000,30
2024,20,40,60,80,18,50,140000,35
2020,14,28,48,62,11,38,105000,22
2021,16,32,52,68,13,42,115000,27
2022,11,24,43,58,9,32,125000,19
2023,19,38,58,75,16,48,135000,32
2024,13,27,46,61,10,36,145000,24
2020,22,45,65,85,20,55,150000,40
2021,17,34,54,72,14,44,160000,33
2022,9,20,38,52,7,28,170000,21
2023,21,42,62,82,19,52,180000,38
2024,15,31,51,67,12,41,190000,29
2020,18,36,57,74,16,47,155000,34
2021,12,26,44,59,9,34,165000,23
2022,20,39,61,79,18,51,175000,37
2023,14,29,49,64,11,39,185000,28
2024,16,33,53,69,13,43,195000,31