quality,volatile acidity
8.0,0.518182
7.0,0.496049
5.0,0.520958
3.0,0.481444
8.0,0.495341
6.0,0.487405
5.0,0.498525
7.0,0.473982
4.0,0.495276
5.0,0.491304
6.0,0.520812
5.0,0.533479
4.0,0.47086
6.0,0.472749
6.0,0.504577
3.0,0.467023
6.0,0.522272
3.0,0.463604
8.0,0.46769
7.0,0.522548
5.0,0.48469
4.0,0.513956
3.0,0.505345
7.0,0.492367
3.0,0.457703
7.0,0.504561
5.0,0.512741
4.0,0.487012
4.0,0.509658
3.0,0.464137
6.0,0.483475
4.0,0.473261
6.0,0.480118
8.0,0.515499
7.0,0.476087
4.0,0.491644
7.0,0.52743
6.0,0.518108
4.0,0.508311
8.0,0.468359
8.0,0.474685
5.0,0.511743
8.0,0.475656
7.0,0.480237
8.0,0.515612
8.0,0.487029
7.0,0.497304
5.0,0.495296
6.0,0.509659
6.0,0.52891
5.0,0.51894
8.0,0.513055
4.0,0.477885
6.0,0.479988
7.0,0.474626
8.0,0.495851
4.0,0.48935
4.0,0.479024
3.0,0.496256
4.0,0.523786
3.0,0.490425
7.0,0.478759
6.0,0.479367
8.0,0.491121
3.0,0.482136
7.0,0.477476
3.0,0.504849
6.0,0.473784
3.0,0.470682
6.0,0.489918
7.0,0.492465
4.0,0.516781
6.0,0.473325
5.0,0.519547
3.0,0.468791
4.0,0.508632
4.0,0.501518
4.0,0.528978
3.0,0.487215
8.0,0.509669
5.0,0.502903
3.0,0.462793
3.0,0.497739
4.0,0.485837
3.0,0.512495
7.0,0.474599
5.0,0.493705
3.0,0.505079
3.0,0.509267
8.0,0.475105
8.0,0.478747
5.0,0.481116
8.0,0.517134
3.0,0.460771
8.0,0.498679
5.0,0.526515
6.0,0.507299
3.0,0.481836
6.0,0.475613
6.0,0.497715
7.0,0.497339
7.0,0.503243
8.0,0.485295
5.0,0.533352
3.0,0.51057
7.0,0.480776
7.0,0.515389
3.0,0.506876
8.0,0.500201
6.0,0.501365
8.0,0.507405
7.0,0.473895
6.0,0.475642
8.0,0.505172
8.0,0.492795
8.0,0.49989
7.0,0.503822
8.0,0.476653
5.0,0.491148
3.0,0.492022
8.0,0.491371
5.0,0.493527
7.0,0.51793
7.0,0.506176
6.0,0.511975
8.0,0.515416
3.0,0.495659
4.0,0.512653
3.0,0.472355
3.0,0.472308
4.0,0.475497
3.0,0.460397
7.0,0.469597
7.0,0.473827
4.0,0.507619
6.0,0.529894
5.0,0.513068
3.0,0.51051
7.0,0.472089
5.0,0.521051
5.0,0.525042
3.0,0.473733
5.0,0.520394
5.0,0.515146
6.0,0.493818
4.0,0.482042
3.0,0.515944
7.0,0.477078
4.0,0.470887
5.0,0.511641
7.0,0.500904
7.0,0.526886
7.0,0.491457
6.0,0.501469
4.0,0.524875
5.0,0.475187
5.0,0.503706
5.0,0.516834
5.0,0.492485
5.0,0.489135
3.0,0.456804
6.0,0.492976
4.0,0.487083
4.0,0.52974
8.0,0.517305
7.0,0.516643
8.0,0.463757
5.0,0.499089
6.0,0.529249
3.0,0.504341
4.0,0.511111
5.0,0.506978
8.0,0.477713
3.0,0.487942
4.0,0.510574
3.0,0.458915
8.0,0.478144
4.0,0.510727
8.0,0.482091
4.0,0.529864
6.0,0.52149
7.0,0.485545
5.0,0.474982
8.0,0.480668
3.0,0.496185
5.0,0.519415
4.0,0.483805
6.0,0.528583
3.0,0.498541
6.0,0.493646
4.0,0.52958
7.0,0.527689
3.0,0.498371
4.0,0.489622
8.0,0.479323
5.0,0.51684
6.0,0.489441
5.0,0.487808
6.0,0.471429
6.0,0.475073
7.0,0.492294
3.0,0.49815
5.0,0.489236
7.0,0.481038
3.0,0.497084
4.0,0.475978
7.0,0.48081
3.0,0.502449
5.0,0.48479
4.0,0.525657
4.0,0.476159
7.0,0.476185
3.0,0.4792
3.0,0.513857
6.0,0.52784
6.0,0.505522
8.0,0.490845
6.0,0.497226
3.0,0.485362
6.0,0.479931
4.0,0.49884
4.0,0.520365
3.0,0.472463
6.0,0.526743
6.0,0.472822
7.0,0.474215
5.0,0.499031
7.0,0.524928
5.0,0.531912
7.0,0.512724
7.0,0.478063
3.0,0.515965
8.0,0.476906
4.0,0.486918
4.0,0.513536
3.0,0.473165
4.0,0.508836
8.0,0.506262
3.0,0.482839
3.0,0.498258
3.0,0.504282
7.0,0.505456
8.0,0.464177
6.0,0.509376
4.0,0.511788
5.0,0.497759
4.0,0.479365
3.0,0.475393
7.0,0.497169
4.0,0.512501
6.0,0.506398
6.0,0.514334
4.0,0.520703
8.0,0.520221
7.0,0.473657
5.0,0.529879
6.0,0.515084
7.0,0.528596
6.0,0.510931
4.0,0.478802
4.0,0.527963
3.0,0.45851
7.0,0.483529
4.0,0.527429
3.0,0.491077
7.0,0.503729
8.0,0.473757
8.0,0.516113
3.0,0.491913
5.0,0.485196
6.0,0.503669
4.0,0.489454
7.0,0.490953
6.0,0.49648
8.0,0.50321
8.0,0.515491
4.0,0.527643
5.0,0.488684
4.0,0.526629
4.0,0.477315
6.0,0.518572
4.0,0.514964
5.0,0.504737
3.0,0.500168
6.0,0.478428
7.0,0.498585
4.0,0.528069
3.0,0.472053
6.0,0.48741
6.0,0.517369
3.0,0.505637
6.0,0.523806
3.0,0.50283
7.0,0.528779
5.0,0.483385
4.0,0.519738
3.0,0.508093
8.0,0.488544
3.0,0.501755
8.0,0.481882
4.0,0.478284
8.0,0.499077
6.0,0.510189
4.0,0.494797
6.0,0.473453
4.0,0.504162
8.0,0.474179
4.0,0.492606
7.0,0.515249
5.0,0.48112
5.0,0.514522
4.0,0.49347
7.0,0.483633
6.0,0.520289
6.0,0.528568
3.0,0.496781
5.0,0.494865
8.0,0.487707
4.0,0.476107
7.0,0.511563
4.0,0.470748
5.0,0.516247
4.0,0.488691
3.0,0.489641
4.0,0.495731
6.0,0.498083
4.0,0.50505
4.0,0.527643
6.0,0.493883
8.0,0.494953
8.0,0.469857
5.0,0.487956
8.0,0.510532
8.0,0.489951
4.0,0.47569
8.0,0.494368
8.0,0.503184
5.0,0.49231
8.0,0.516348
4.0,0.49115
5.0,0.527891
7.0,0.497202
5.0,0.5091
7.0,0.48363
5.0,0.481678
8.0,0.470695
7.0,0.502829
3.0,0.507841
6.0,0.4916
4.0,0.522528
7.0,0.483354
6.0,0.506855
6.0,0.480644
6.0,0.478538
3.0,0.469952
4.0,0.519863
7.0,0.518042
5.0,0.499561
8.0,0.473954
8.0,0.469874
4.0,0.477039
4.0,0.51087
5.0,0.480325
3.0,0.496295
6.0,0.529911
4.0,0.475686
8.0,0.520223
3.0,0.503921
4.0,0.527063
4.0,0.48592
5.0,0.478295
4.0,0.50669
5.0,0.508171
6.0,0.500523
7.0,0.486995
8.0,0.488326
8.0,0.505538
3.0,0.502878
8.0,0.472434
7.0,0.475245
8.0,0.518129
4.0,0.498557
7.0,0.521103
8.0,0.469981
3.0,0.464171
6.0,0.501347
4.0,0.501039
5.0,0.481025
8.0,0.502967
8.0,0.464048
3.0,0.475226
5.0,0.487183
3.0,0.512359
3.0,0.502868
3.0,0.465675
5.0,0.478677
5.0,0.480998
6.0,0.488545
3.0,0.485391
3.0,0.486394
5.0,0.501227
3.0,0.505043
6.0,0.473141
7.0,0.47949
4.0,0.483161
7.0,0.511829
8.0,0.514306
8.0,0.485744
7.0,0.521451
6.0,0.474332
3.0,0.507965
5.0,0.484261
8.0,0.500128
6.0,0.473998
3.0,0.487593
5.0,0.493185
8.0,0.49841
7.0,0.512952
5.0,0.500431
3.0,0.462481
4.0,0.491849
4.0,0.487265
4.0,0.507265
5.0,0.485968
8.0,0.474602
6.0,0.512646
7.0,0.526318
7.0,0.485565
6.0,0.517244
3.0,0.469555
8.0,0.489719
3.0,0.457861
5.0,0.482414
4.0,0.495662
5.0,0.483189
5.0,0.530797
5.0,0.495243
6.0,0.527535
6.0,0.5293
8.0,0.462596
5.0,0.501658
8.0,0.509447
5.0,0.519498
7.0,0.491708
7.0,0.507454
7.0,0.47638
5.0,0.521551
7.0,0.528626
3.0,0.466338
5.0,0.516064
8.0,0.489769
8.0,0.479104
7.0,0.50893
5.0,0.527838
6.0,0.479533
5.0,0.50628
4.0,0.505819
8.0,0.486069
4.0,0.502522
4.0,0.510282
7.0,0.510114
4.0,0.528853
4.0,0.502333
3.0,0.460061
5.0,0.484281
5.0,0.511054
8.0,0.486926
3.0,0.498394
6.0,0.471367
4.0,0.503109
6.0,0.511524
3.0,0.498452
8.0,0.472018
5.0,0.501466
7.0,0.504353
8.0,0.48443
3.0,0.482993
5.0,0.524097
8.0,0.50304
5.0,0.488899
8.0,0.496015
6.0,0.487986
5.0,0.514948
4.0,0.507165
4.0,0.503168
8.0,0.521976
8.0,0.507373
6.0,0.525815
3.0,0.509252
5.0,0.474925
5.0,0.497305
6.0,0.49972
7.0,0.499623
6.0,0.496755
3.0,0.465171
4.0,0.495
6.0,0.495696
8.0,0.512153
8.0,0.471275
5.0,0.495087
3.0,0.468034
6.0,0.48888
3.0,0.493078
7.0,0.480997
4.0,0.485082
7.0,0.475662
4.0,0.502506
6.0,0.5043
6.0,0.48155
4.0,0.485085
6.0,0.529091
8.0,0.493672
8.0,0.477112
7.0,0.484597
6.0,0.518854
6.0,0.521662
8.0,0.476781
3.0,0.488078
6.0,0.527215
4.0,0.50989
3.0,0.463725
4.0,0.523502
3.0,0.510805
4.0,0.518329
3.0,0.493704
4.0,0.517507
4.0,0.483115
3.0,0.492871
3.0,0.478781
3.0,0.492766
6.0,0.511425
8.0,0.482202
5.0,0.479983
5.0,0.523573
5.0,0.523933
8.0,0.496607
6.0,0.524572
7.0,0.471026
6.0,0.51477
7.0,0.506741
5.0,0.489344
7.0,0.480171
5.0,0.517015
8.0,0.487323
6.0,0.498913
8.0,0.486341
5.0,0.528446
5.0,0.509126
4.0,0.472339
3.0,0.460684
5.0,0.496447
8.0,0.484372
4.0,0.482547
6.0,0.471719
5.0,0.515259
8.0,0.521636
3.0,0.474466
3.0,0.494397
6.0,0.501381
8.0,0.487794
7.0,0.524596
8.0,0.517559
6.0,0.50283
7.0,0.475896
7.0,0.488534
6.0,0.514644
8.0,0.522026
5.0,0.49805
6.0,0.522593
8.0,0.499718
6.0,0.508183
3.0,0.492317
5.0,0.508608
4.0,0.504534
3.0,0.487955
4.0,0.477813
5.0,0.514004
4.0,0.476333
4.0,0.530193
7.0,0.520879
7.0,0.506618
7.0,0.494172
8.0,0.521062
5.0,0.491894
8.0,0.522436
3.0,0.45958
7.0,0.513221
4.0,0.491583
7.0,0.493379
4.0,0.474138
8.0,0.511349
7.0,0.478724
8.0,0.505348
6.0,0.475691
7.0,0.528111
7.0,0.521671
4.0,0.501012
4.0,0.512168
8.0,0.475715
4.0,0.497937
5.0,0.514059
8.0,0.473469
5.0,0.504793
5.0,0.509908
3.0,0.475692
4.0,0.478204
5.0,0.491661
3.0,0.515465
3.0,0.512985
7.0,0.513605
5.0,0.51907
3.0,0.505608
3.0,0.46022
4.0,0.501212
8.0,0.465632
8.0,0.475472
4.0,0.474467
6.0,0.475958
4.0,0.514147
3.0,0.460803
7.0,0.486174
7.0,0.499753
3.0,0.469154
3.0,0.506059
7.0,0.474599
5.0,0.48328
8.0,0.494139
3.0,0.468629
4.0,0.526665
8.0,0.488681
5.0,0.503169
4.0,0.472837
3.0,0.469912
5.0,0.506224
6.0,0.522722
6.0,0.523318
8.0,0.507737
7.0,0.47162
8.0,0.480509
5.0,0.474812
7.0,0.526092
4.0,0.504553
6.0,0.494496
8.0,0.499682
4.0,0.520174
8.0,0.484104
5.0,0.522157
5.0,0.50759
5.0,0.479054
7.0,0.494407
5.0,0.525253
4.0,0.508756
5.0,0.516934
8.0,0.475716
7.0,0.48244
5.0,0.529205
5.0,0.515237
5.0,0.50453
5.0,0.521745
3.0,0.472018
7.0,0.516661
5.0,0.495829
8.0,0.509005
7.0,0.500888
3.0,0.500387
3.0,0.488049
3.0,0.508026
7.0,0.509023
3.0,0.460957
5.0,0.500457
6.0,0.474558
5.0,0.495688
4.0,0.479267
3.0,0.459487
7.0,0.475825
4.0,0.474412
5.0,0.493884
4.0,0.497771
8.0,0.480009
3.0,0.50717
3.0,0.462932
8.0,0.493582
3.0,0.49929
3.0,0.492668
7.0,0.496064
6.0,0.476903
6.0,0.477322
7.0,0.49382
4.0,0.473218
3.0,0.468829
8.0,0.477517
5.0,0.530924
4.0,0.520531
7.0,0.486987
7.0,0.480026
7.0,0.521748
8.0,0.501352
7.0,0.513874
5.0,0.504707
7.0,0.503147
6.0,0.525283
5.0,0.504771
4.0,0.5013
6.0,0.494843
8.0,0.472902
8.0,0.466213
5.0,0.497033
5.0,0.493982
8.0,0.50006
4.0,0.489328
6.0,0.498285
5.0,0.488177
8.0,0.492112
7.0,0.48571
7.0,0.507385
8.0,0.501508
7.0,0.493982
6.0,0.519603
8.0,0.467133
3.0,0.472007
8.0,0.509096
8.0,0.465348
6.0,0.485065
4.0,0.516576
8.0,0.51983
6.0,0.502419
3.0,0.500779
7.0,0.469454
4.0,0.483194
4.0,0.501152
5.0,0.531269
5.0,0.518274
3.0,0.457696
6.0,0.505157
3.0,0.513734
5.0,0.503182
7.0,0.506681
3.0,0.45909
8.0,0.518805
3.0,0.466094
4.0,0.500692
8.0,0.510503
8.0,0.481219
6.0,0.495365
3.0,0.494791
3.0,0.463257
6.0,0.477693
7.0,0.509283
5.0,0.510172
3.0,0.516255
3.0,0.482374
7.0,0.527072
5.0,0.524639
8.0,0.501188
8.0,0.521959
7.0,0.518894
8.0,0.505472
8.0,0.50208
4.0,0.476563
6.0,0.49589
6.0,0.477184
8.0,0.46426
5.0,0.496518
6.0,0.489506
3.0,0.460531
8.0,0.464629
5.0,0.491248
6.0,0.494482
5.0,0.502955
7.0,0.474056
5.0,0.501933
7.0,0.488328
6.0,0.481882
3.0,0.466295
5.0,0.524174
5.0,0.52799
7.0,0.471955
6.0,0.530303
6.0,0.511854
4.0,0.518378
4.0,0.51224
8.0,0.500161
8.0,0.490362
4.0,0.482262
4.0,0.496173
7.0,0.473418
7.0,0.497236
4.0,0.488881
4.0,0.526563
3.0,0.48893
4.0,0.510391
4.0,0.526982
7.0,0.481864
5.0,0.525861
3.0,0.508612
7.0,0.472975
8.0,0.491874
3.0,0.471817
3.0,0.480357
4.0,0.516326
3.0,0.486394
6.0,0.526346
8.0,0.47395
7.0,0.506963
3.0,0.490532
6.0,0.526383
6.0,0.487677
5.0,0.515979
3.0,0.495435
4.0,0.517819
6.0,0.479161
4.0,0.488934
3.0,0.49979
4.0,0.521245
3.0,0.475879
3.0,0.478632
7.0,0.524621
5.0,0.505996
6.0,0.529965
4.0,0.490409
6.0,0.501072
3.0,0.50881
6.0,0.511079
4.0,0.519941
4.0,0.512912
4.0,0.500897
4.0,0.480542
5.0,0.484801
5.0,0.530199
5.0,0.525572
6.0,0.522449
7.0,0.518844
6.0,0.490855
4.0,0.506374
8.0,0.480753
3.0,0.510759
6.0,0.505996
3.0,0.481438
4.0,0.507793
8.0,0.51584
3.0,0.516187
8.0,0.484346
6.0,0.488404
3.0,0.466905
8.0,0.520701
4.0,0.511455
7.0,0.472543
4.0,0.474302
7.0,0.487191
7.0,0.471599
7.0,0.494564
7.0,0.52547
4.0,0.485296
5.0,0.505888
8.0,0.472457
5.0,0.519571
6.0,0.483382
6.0,0.472527
8.0,0.494356
4.0,0.503979
7.0,0.480892
5.0,0.528269
5.0,0.492592
7.0,0.513167
3.0,0.505791
8.0,0.500746
7.0,0.499069
7.0,0.500509
7.0,0.519315
6.0,0.484603
3.0,0.510929
6.0,0.485421
3.0,0.490274
3.0,0.497909
7.0,0.487993
7.0,0.488832
5.0,0.508748
5.0,0.531864
3.0,0.46
8.0,0.503615
5.0,0.487725
5.0,0.483328
8.0,0.510776
4.0,0.521471
8.0,0.507824
8.0,0.511525
7.0,0.513607
8.0,0.465995
5.0,0.531277
5.0,0.526876
5.0,0.476943
7.0,0.477755
6.0,0.515294
8.0,0.467301
6.0,0.501436
5.0,0.509123
4.0,0.484272
8.0,0.470435
4.0,0.524143
4.0,0.528832
4.0,0.475658
8.0,0.474329
7.0,0.475755
7.0,0.493939
4.0,0.513765
8.0,0.50554
8.0,0.494722
7.0,0.492964
4.0,0.494172
5.0,0.513053
5.0,0.517333
7.0,0.487472
4.0,0.478596
4.0,0.483673
8.0,0.504865
4.0,0.492005
7.0,0.484559
7.0,0.522155
3.0,0.506952
6.0,0.516849
7.0,0.493913
7.0,0.487867
4.0,0.471397
7.0,0.516546
5.0,0.511297
6.0,0.487635
8.0,0.498399
5.0,0.508071
4.0,0.511996
3.0,0.497384
6.0,0.483238
8.0,0.49603
8.0,0.47359
3.0,0.491099
4.0,0.497542
7.0,0.520086
5.0,0.510771
6.0,0.505139
8.0,0.514062
4.0,0.49108
5.0,0.511501
8.0,0.508819
8.0,0.507809
3.0,0.491268
3.0,0.46599
6.0,0.486729
8.0,0.518355
7.0,0.511388
5.0,0.479859
7.0,0.527185
3.0,0.507232
5.0,0.484759
4.0,0.522381
4.0,0.528304
8.0,0.486176
4.0,0.497821
8.0,0.487762
6.0,0.515689
3.0,0.488141
8.0,0.490715
5.0,0.491489
8.0,0.483432
6.0,0.493378
6.0,0.487303
6.0,0.515666
3.0,0.492869
5.0,0.529996
4.0,0.488967
6.0,0.481788
5.0,0.502342
7.0,0.476702
7.0,0.496194
3.0,0.466599
3.0,0.494082
8.0,0.493122
7.0,0.517995
3.0,0.470695
4.0,0.506516
7.0,0.527781
7.0,0.481217
4.0,0.494654
3.0,0.502136
8.0,0.500022
6.0,0.513952
8.0,0.497694
4.0,0.523818
5.0,0.51114
4.0,0.487626
5.0,0.532426
6.0,0.493849
4.0,0.478008
3.0,0.458051
6.0,0.475567
6.0,0.508124
5.0,0.480347
8.0,0.473035
4.0,0.471226
5.0,0.485871
7.0,0.513953
7.0,0.482013
8.0,0.505961
3.0,0.463859
7.0,0.493186
3.0,0.469062
5.0,0.491204
7.0,0.514394
8.0,0.466685
7.0,0.515539
4.0,0.480541
8.0,0.474882
7.0,0.472771
8.0,0.48625
6.0,0.507015
8.0,0.512056
5.0,0.529467
4.0,0.475992
5.0,0.517402
8.0,0.477572
7.0,0.484657
4.0,0.524965
5.0,0.482154
7.0,0.527114
7.0,0.503456
6.0,0.476458
6.0,0.498065
7.0,0.50403
8.0,0.512097
4.0,0.511117
5.0,0.478579
3.0,0.480451
5.0,0.484518
7.0,0.484661
3.0,0.508635
3.0,0.456802
5.0,0.529257
3.0,0.48975
4.0,0.505183
6.0,0.498227
7.0,0.496375
8.0,0.497284
7.0,0.4856
5.0,0.499585
8.0,0.504396
7.0,0.477583
6.0,0.513414
5.0,0.526505
4.0,0.527007
7.0,0.486422
5.0,0.525118
6.0,0.48226
4.0,0.50741
3.0,0.458554
7.0,0.502781
8.0,0.48023
6.0,0.504044
7.0,0.500743
3.0,0.479171
6.0,0.530001
6.0,0.471402
4.0,0.512689
7.0,0.5008
8.0,0.520713
6.0,0.513459
5.0,0.532309
6.0,0.491441
7.0,0.48997
7.0,0.495493
8.0,0.501507
6.0,0.499575
6.0,0.487389
5.0,0.506857
7.0,0.521752
7.0,0.524529
4.0,0.479834
5.0,0.490724
6.0,0.498066
6.0,0.500197
3.0,0.474284
7.0,0.523176
4.0,0.487577
7.0,0.483434
7.0,0.507415
5.0,0.505186
7.0,0.515395
6.0,0.52566
7.0,0.488987
6.0,0.522857
4.0,0.507368
4.0,0.520478
5.0,0.527916
4.0,0.487249
3.0,0.466242
8.0,0.467277
4.0,0.497543
5.0,0.5312
8.0,0.51083
8.0,0.490486
7.0,0.497956
3.0,0.485154
8.0,0.512536
6.0,0.526284
7.0,0.520706
6.0,0.52853
4.0,0.487247
3.0,0.476903
7.0,0.511524
5.0,0.498183
6.0,0.494137
3.0,0.472106
8.0,0.504484
4.0,0.48768
8.0,0.520422
6.0,0.517311
3.0,0.493095
5.0,0.503549
7.0,0.512903
3.0,0.471055
5.0,0.522193
8.0,0.517
5.0,0.498139
5.0,0.488701
7.0,0.474117
5.0,0.491083
3.0,0.514715
4.0,0.504814
4.0,0.525464
5.0,0.503128
6.0,0.523862
6.0,0.477482
7.0,0.472498
8.0,0.502438
7.0,0.510697
8.0,0.508375
6.0,0.514032
8.0,0.466052
5.0,0.488622
3.0,0.471363
8.0,0.510142
8.0,0.506565
4.0,0.52889
7.0,0.503693
3.0,0.515707
4.0,0.504269
7.0,0.47959
6.0,0.505083
7.0,0.469594
3.0,0.466076
6.0,0.482386
3.0,0.513388
4.0,0.471772
5.0,0.520199
7.0,0.483452
8.0,0.519047
5.0,0.514354
6.0,0.508353
6.0,0.511745
3.0,0.460158
8.0,0.507754
5.0,0.530281
3.0,0.456839
5.0,0.519129
6.0,0.509684
8.0,0.499465
4.0,0.486905
8.0,0.509154
8.0,0.498592
5.0,0.50152
5.0,0.48528
6.0,0.470826
7.0,0.506705
5.0,0.488439
7.0,0.491074
8.0,0.491411
3.0,0.462243
5.0,0.527533
3.0,0.498825
7.0,0.508356
8.0,0.521237
3.0,0.470353
3.0,0.472932
5.0,0.512457
4.0,0.509665
3.0,0.496793
7.0,0.478519
6.0,0.525951
8.0,0.492103
6.0,0.491542
3.0,0.458164
7.0,0.508238
3.0,0.48881
6.0,0.518584
6.0,0.479718
4.0,0.525811
8.0,0.468509
7.0,0.476031
7.0,0.523074
3.0,0.480414
7.0,0.484701
3.0,0.466075
4.0,0.479087
3.0,0.486394
7.0,0.469603
3.0,0.511098
3.0,0.478017
3.0,0.473874
5.0,0.480734
7.0,0.517389
8.0,0.465186
6.0,0.506589
5.0,0.504311
8.0,0.484583
6.0,0.473941
6.0,0.503873
3.0,0.498064
5.0,0.520295
6.0,0.509308
3.0,0.507722
3.0,0.470076
5.0,0.522608
6.0,0.493703
6.0,0.513555
6.0,0.498926
5.0,0.524685
4.0,0.520035
7.0,0.48858
4.0,0.52309
4.0,0.475709
3.0,0.464024
5.0,0.528982
6.0,0.473846
3.0,0.513996
7.0,0.49388
3.0,0.48204
8.0,0.489827
3.0,0.488493
5.0,0.50326
5.0,0.514356
5.0,0.478722
4.0,0.524611
4.0,0.506044
7.0,0.477991
8.0,0.495826
4.0,0.521092
4.0,0.510743
6.0,0.472801
3.0,0.48381
6.0,0.473507
6.0,0.490827
6.0,0.526179
5.0,0.514017
6.0,0.49019
3.0,0.506071
8.0,0.466627
8.0,0.495473
7.0,0.48153
3.0,0.48213
7.0,0.493266
7.0,0.486808
6.0,0.519366
7.0,0.499652
5.0,0.505199
6.0,0.509128
6.0,0.512634
4.0,0.511044
6.0,0.509809
6.0,0.48257
3.0,0.501818
4.0,0.522811
8.0,0.519961
5.0,0.487109
7.0,0.485359
3.0,0.487759
7.0,0.495557
8.0,0.507551
6.0,0.522783
5.0,0.489495
3.0,0.461175
8.0,0.504653
8.0,0.493362
5.0,0.516786
6.0,0.495553
5.0,0.487875
6.0,0.526551
6.0,0.471399
3.0,0.486954
8.0,0.51551
3.0,0.50773
4.0,0.5161
5.0,0.494882
6.0,0.477368
5.0,0.496938
8.0,0.467903
6.0,0.478515
7.0,0.471077
4.0,0.494848
4.0,0.49327
5.0,0.519978
3.0,0.488261
6.0,0.514107
7.0,0.499531
6.0,0.476883
5.0,0.48588
7.0,0.505387
6.0,0.496359
7.0,0.523235
4.0,0.528444
5.0,0.479074
7.0,0.512266
6.0,0.501274
7.0,0.474053
4.0,0.486159
5.0,0.485325
3.0,0.479961
5.0,0.517073
3.0,0.457932
5.0,0.477349
8.0,0.509096
6.0,0.501299
4.0,0.492927
6.0,0.488145
3.0,0.498472
7.0,0.491214
8.0,0.505245
6.0,0.523371
3.0,0.47995
3.0,0.475795
8.0,0.485148
6.0,0.49761
7.0,0.514884
6.0,0.480987
7.0,0.512423
3.0,0.47858
8.0,0.491881
6.0,0.503924
3.0,0.481456
3.0,0.47654
5.0,0.507582
8.0,0.471569
4.0,0.478959
4.0,0.490669
6.0,0.47722
7.0,0.47254
8.0,0.462823
8.0,0.482594
8.0,0.482734
3.0,0.473895
3.0,0.484024
4.0,0.505373
6.0,0.510627
4.0,0.481952
6.0,0.480862
4.0,0.495874
4.0,0.506845
3.0,0.459192
6.0,0.523886
8.0,0.49368
5.0,0.504571
8.0,0.483201
8.0,0.515809
8.0,0.471108
6.0,0.475165
7.0,0.471023
7.0,0.49908
7.0,0.496182
7.0,0.477566
8.0,0.511884
6.0,0.489051
5.0,0.496772
6.0,0.48341
5.0,0.49516
8.0,0.495108
8.0,0.475723
4.0,0.493442
4.0,0.515632
8.0,0.515012
8.0,0.495633
3.0,0.46994
6.0,0.504641
7.0,0.48522
3.0,0.482682
3.0,0.50948
6.0,0.494778
5.0,0.506641
3.0,0.482082
6.0,0.497599
4.0,0.501245
4.0,0.489828
8.0,0.468246
6.0,0.497332
7.0,0.490303
7.0,0.516562
3.0,0.489748
5.0,0.477971
4.0,0.513809
8.0,0.514448
7.0,0.484891
6.0,0.507176
4.0,0.503561
5.0,0.493693
6.0,0.486179
3.0,0.51001
5.0,0.499309
7.0,0.51767
4.0,0.49742
5.0,0.482815
8.0,0.478797
3.0,0.504743
6.0,0.489778
7.0,0.519741
6.0,0.485961
5.0,0.505798
3.0,0.499132
6.0,0.479155
7.0,0.484141
3.0,0.493561
8.0,0.496744
4.0,0.479988
3.0,0.492147
6.0,0.507915
3.0,0.467826
8.0,0.503183
7.0,0.520498
8.0,0.507089
6.0,0.526502
7.0,0.474176
6.0,0.524966
8.0,0.505444
4.0,0.529536
8.0,0.512344
3.0,0.464502
3.0,0.459735
6.0,0.528362
5.0,0.492886
5.0,0.478257
4.0,0.480758
6.0,0.477066
8.0,0.50868
5.0,0.482006
6.0,0.513453
8.0,0.47377
6.0,0.474938
7.0,0.492278
8.0,0.495875
6.0,0.519378
7.0,0.475299
7.0,0.48872
3.0,0.462023
4.0,0.493399
3.0,0.493293
4.0,0.505456
3.0,0.492903
5.0,0.493992
4.0,0.526319
3.0,0.458631
5.0,0.514031
4.0,0.488408
7.0,0.48632
5.0,0.522336
4.0,0.477198
3.0,0.506694
6.0,0.521106
6.0,0.499218
8.0,0.492073
3.0,0.482886
8.0,0.470444
6.0,0.529683
4.0,0.512725
7.0,0.515007
4.0,0.527379
8.0,0.488448
4.0,0.49744
3.0,0.4887
4.0,0.530202
5.0,0.503494
6.0,0.498271
5.0,0.477124
3.0,0.460805
4.0,0.489639
3.0,0.507903
3.0,0.461198
6.0,0.502931
7.0,0.519266
3.0,0.469054
3.0,0.484304
4.0,0.523157
5.0,0.51074
6.0,0.490752
3.0,0.486253
5.0,0.52864
4.0,0.470409
5.0,0.477413
5.0,0.495183
6.0,0.519576
4.0,0.511096
8.0,0.509051
7.0,0.489366
3.0,0.488387
4.0,0.523434
6.0,0.504288
7.0,0.489681
6.0,0.500497
4.0,0.487118
3.0,0.512557
3.0,0.458492
6.0,0.49595
4.0,0.521187
4.0,0.506289
5.0,0.475332
5.0,0.508959
5.0,0.480578
6.0,0.51566
4.0,0.489534
3.0,0.496967
4.0,0.472904
4.0,0.51002
5.0,0.530777
3.0,0.482181
3.0,0.505128
3.0,0.496445
4.0,0.492844
7.0,0.527211
7.0,0.479075
8.0,0.489122
6.0,0.474791
5.0,0.498764
7.0,0.497717
7.0,0.504846
3.0,0.50515
5.0,0.511602
6.0,0.508405
6.0,0.474841
8.0,0.485976
7.0,0.508803
5.0,0.494043
4.0,0.502943
6.0,0.483489
4.0,0.48224
7.0,0.478542
5.0,0.494477
3.0,0.508206
7.0,0.488356
8.0,0.491028
8.0,0.496346
8.0,0.508344
6.0,0.472448
5.0,0.475013
4.0,0.471483
5.0,0.52632
5.0,0.490504
8.0,0.513645
8.0,0.479792
8.0,0.478269
4.0,0.476133
3.0,0.503218
6.0,0.50163
7.0,0.478227
7.0,0.514746
8.0,0.48141
7.0,0.512984
4.0,0.508777
5.0,0.489223
5.0,0.495917
8.0,0.514355
3.0,0.464329
4.0,0.477968
4.0,0.488174
7.0,0.51864
5.0,0.485368
7.0,0.495093
6.0,0.527074
3.0,0.488627
7.0,0.470464
8.0,0.516483
7.0,0.523304
8.0,0.482959
6.0,0.483242
3.0,0.502792
6.0,0.477235
7.0,0.475664
8.0,0.512455
6.0,0.502054
4.0,0.505838
8.0,0.495109
7.0,0.482779
7.0,0.471176
6.0,0.471713
5.0,0.493061
5.0,0.491188
4.0,0.486704
4.0,0.498687
5.0,0.532818
8.0,0.519923
7.0,0.493056
8.0,0.142443
6.0,0.673027
3.0,0.502858
4.0,0.464587
5.0,0.685799
7.0,1.182409
3.0,0.699047
